catalogNo,brand,name,category,spec,unit,detectedSpecies,application,host,reactivity,conjugate,casNo,sampleType,listPrice,memberPrice,wholesalePrice,remark
ADS-F-KY001,艾迪生,超氧化物歧化酶(SOD)试剂盒-NBT法,reagent,48样,,,,,,,,,608,364.8,456,
ADS-F-KY001-96,艾迪生,超氧化物歧化酶(SOD)试剂盒-NBT法,reagent,96样,,,,,,,,,1155,693,866.25,
ADS-W-KY001,艾迪生,超氧化物歧化酶(SOD)试剂盒-NBT法,reagent,96样,,,,,,,,,1064,638.4,798,
ADS-W-KY001-196,艾迪生,超氧化物歧化酶(SOD)试剂盒-NBT法,reagent,196样,,,,,,,,,1976,1185.6,1482,
ADS-F-KY011,艾迪生,超氧化物歧化酶(SOD)试剂盒-WST-8法,reagent,48样,,,,,,,,,593,355.8,444.75,
ADS-F-KY011-96,艾迪生,超氧化物歧化酶(SOD)试剂盒-WST-8法,reagent,96样,,,,,,,,,1094,656.4,820.5,
ADS-W-KY011-48,艾迪生,超氧化物歧化酶(SOD)试剂盒-WST-8法,reagent,48样,,,,,,,,,608,364.8,456,
ADS-W-KY011,艾迪生,超氧化物歧化酶(SOD)试剂盒-WST-8法,reagent,96样,,,,,,,,,1049,629.4,786.75,
ADS-W-KY011-196,艾迪生,超氧化物歧化酶(SOD)试剂盒-WST-8法,reagent,196样,,,,,,,,,1946,1167.6,1459.5,
ADS-F-KY002,艾迪生,过氧化氢酶(CAT)试剂盒,reagent,48样,,,,,,,,,274,164.4,205.5,
ADS-F-KY002-96,艾迪生,过氧化氢酶(CAT)试剂盒,reagent,96样,,,,,,,,,517,310.2,387.75,
ADS-W-KY002-48,艾迪生,过氧化氢酶(CAT)试剂盒,reagent,48样,,,,,,,,,228,136.8,171,
ADS-W-KY002,艾迪生,过氧化氢酶(CAT)试剂盒,reagent,96样,,,,,,,,,410,246,307.5,
ADS-W-KY002-196,艾迪生,过氧化氢酶(CAT)试剂盒,reagent,196样,,,,,,,,,775,465,581.25,
ADS-F-KY003,艾迪生,过氧化物酶(POD)试剂盒,reagent,48样,,,,,,,,,441,264.6,330.75,
ADS-F-KY003-96,艾迪生,过氧化物酶(POD)试剂盒,reagent,96样,,,,,,,,,821,492.6,615.75,
ADS-W-KY003-48,艾迪生,过氧化物酶(POD)试剂盒,reagent,48样,,,,,,,,,471,282.6,353.25,
ADS-W-KY003,艾迪生,过氧化物酶(POD)试剂盒,reagent,96样,,,,,,,,,882,529.2,661.5,
ADS-W-KY003-196,艾迪生,过氧化物酶(POD)试剂盒,reagent,196样,,,,,,,,,1672,1003.2,1254,
ADS-F-KN005,艾迪生,苯丙氨酸解氨酶(PAL)试剂盒,reagent,48样,,,,,,,,,684,410.4,513,
ADS-W-KN005-48,艾迪生,苯丙氨酸解氨酶(PAL)试剂盒,reagent,48样,,,,,,,,,684,410.4,513,
ADS-W-KN005,艾迪生,苯丙氨酸解氨酶(PAL)试剂盒,reagent,96样,,,,,,,,,1292,775.2,969,
ADS-F-YH005-24,艾迪生,多酚氧化酶(PPO)试剂盒,reagent,24样,,,,,,,,,417,250.2,312.75,
ADS-F-YH005-48,艾迪生,多酚氧化酶(PPO)试剂盒,reagent,48样,,,,,,,,,623,373.8,467.25,
ADS-W-YH005-48,艾迪生,多酚氧化酶(PPO)试剂盒,reagent,48样,,,,,,,,,1216,729.6,912,
ADS-W-YH005-96,艾迪生,多酚氧化酶(PPO)试剂盒,reagent,96样,,,,,,,,,1333,799.8,999.75,
ADS-F-AJS004,艾迪生,脯氨酸(PRO)含量试剂盒,reagent,48样,,,,,,,,,760,456,570,
ADS-F-AJS004-96,艾迪生,脯氨酸(PRO)含量试剂盒,reagent,96样,,,,,,,,,1368,820.8,1026,
ADS-W-AJS004-48,艾迪生,脯氨酸(PRO)含量试剂盒,reagent,48样,,,,,,,,,699,419.4,524.25,
ADS-W-AJS004,艾迪生,脯氨酸(PRO)含量试剂盒,reagent,96样,,,,,,,,,1368,820.8,1026,
ADS-F-YH002,艾迪生,丙二醛(MDA)试剂盒,reagent,48样,,,,,,,,,243,145.8,182.25,
ADS-F-YH002-96,艾迪生,丙二醛(MDA)试剂盒,reagent,96样,,,,,,,,,456,273.6,342,
ADS-W-YH002-48,艾迪生,丙二醛(MDA)试剂盒,reagent,48样,,,,,,,,,304,182.4,228,
ADS-W-YH002,艾迪生,丙二醛(MDA)试剂盒,reagent,96样,,,,,,,,,365,219,273.75,
ADS-W-YH002-196,艾迪生,丙二醛(MDA)试剂盒,reagent,196样,,,,,,,,,699,419.4,524.25,
ADS-F-YH003-48,艾迪生,黄嘌呤氧化酶（XOD）试剂盒,reagent,48样,,,,,,,,,441,264.6,330.75,
ADS-W-YH003,艾迪生,黄嘌呤氧化酶（XOD）试剂盒,reagent,96样,,,,,,,,,790,474,592.5,
ADS-F-YH012,艾迪生,超氧阴离子(OFR)含量/超氧阴离子产生速率检测试剂盒,reagent,48样,,,,,,,,,800,480,600,
ADS-W-YH012-48,艾迪生,超氧阴离子(OFR)含量/超氧阴离子产生速率检测试剂盒,reagent,48样,,,,,,,,,804,482.4,603,
ADS-W-YH012,艾迪生,超氧阴离子(OFR)含量/超氧阴离子产生速率检测试剂盒,reagent,96样,,,,,,,,,1583,949.8,1187.25,
ADS-F-YH006-24,艾迪生,蛋白质羰基（PCO）试剂盒,reagent,24样,,,,,,,,,500,300,375,
ADS-F-YH006-48,艾迪生,蛋白质羰基（PCO）试剂盒,reagent,48样,,,,,,,,,760,456,570,
ADS-W-YH006-48,艾迪生,蛋白质羰基（PCO）试剂盒,reagent,48样,,,,,,,,,800,480,600,
ADS-W-YH006-96,艾迪生,蛋白质羰基（PCO）试剂盒,reagent,96样,,,,,,,,,1338,802.8,1003.5,
ADS-F-YH007-24,艾迪生,二胺氧化酶(DAO)试剂盒,reagent,24样,,,,,,,,,633,379.8,474.75,
ADS-F-YH007-48,艾迪生,二胺氧化酶(DAO)试剂盒,reagent,48样,,,,,,,,,882,529.2,661.5,
ADS-W-YH007-48,艾迪生,二胺氧化酶(DAO)试剂盒,reagent,48样,,,,,,,,,730,438,547.5,
ADS-W-YH007-96,艾迪生,二胺氧化酶(DAO)试剂盒,reagent,96样,,,,,,,,,1429,857.4,1071.75,
ADS-F-YH001,艾迪生,过氧化氢(H2O2)试剂盒,reagent,48样,,,,,,,,,258,154.8,193.5,
ADS-W-YH001-48,艾迪生,过氧化氢(H2O2)试剂盒,reagent,48样,,,,,,,,,289,173.4,216.75,
ADS-W-YH001,艾迪生,过氧化氢(H2O2)试剂盒,reagent,96样,,,,,,,,,502,301.2,376.5,
ADS-F-GOD001,艾迪生,葡萄糖氧化酶（GOD）活性测定试剂盒,reagent,48样,,,,,,,,,320,192,240,
ADS-W-GOD001,艾迪生,葡萄糖氧化酶（GOD）活性测定试剂盒,reagent,96样,,,,,,,,,532,319.2,399,
ADS-F-KY022,艾迪生,植物类黄酮（Flavonoid）检测试剂盒,reagent,48样,,,,,,,,,547,328.2,410.25,
ADS-W-KY022,艾迪生,植物类黄酮（Flavonoid）检测试剂盒,reagent,96样,,,,,,,,,1064,638.4,798,
ADS-F-KY010,艾迪生,尿酸(UA)含量检测试剂盒,reagent,48样,,,,,,,,,152,91.2,114,
ADS-W-KY010,艾迪生,尿酸(UA)含量检测试剂盒,reagent,96样,,,,,,,,,182,109.2,136.5,
ADS-F-KY006,艾迪生,羟自由基清除能力试剂盒,reagent,48样,,,,,,,,,608,364.8,456,
ADS-W-KY006-48,艾迪生,羟自由基清除能力试剂盒,reagent,48样,,,,,,,,,652,391.2,489,
ADS-W-KY006,艾迪生,羟自由基清除能力试剂盒,reagent,96样,,,,,,,,,882,529.2,661.5,
ADS-F-KY023,艾迪生,铜蓝蛋白检测试剂盒,reagent,48样,,,,,,,,,250,150,187.5,
ADS-W-KY023,艾迪生,铜蓝蛋白检测试剂盒,reagent,96样,,,,,,,,,483,289.8,362.25,
ADS-F-KY024,艾迪生,植物原花青素(OPC)检测试剂盒,reagent,48样,,,,,,,,,1333,799.8,999.75,
ADS-W-KY024,艾迪生,植物原花青素(OPC)检测试剂盒,reagent,96样,,,,,,,,,2667,1600.2,2000.25,
ADS-F-KY025-24,艾迪生,植物总酚(TP)检测试剂盒,reagent,24样,,,,,,,,,304,182.4,228,
ADS-F-KY025,艾迪生,植物总酚(TP)检测试剂盒,reagent,48样,,,,,,,,,623,373.8,467.25,
ADS-W-KY025,艾迪生,植物总酚(TP)检测试剂盒,reagent,48样,,,,,,,,,608,364.8,456,
ADS-W-KY025-96,艾迪生,植物总酚(TP)检测试剂盒,reagent,96样,,,,,,,,,1231,738.6,923.25,
ADS-F-KY005-48,艾迪生,总抗氧化能力(T-AOC)检测试剂盒,reagent,48样,,,,,,,,,228,136.8,171,
ADS-W-KY005-48,艾迪生,总抗氧化能力(T-AOC)检测试剂盒,reagent,48样,,,,,,,,,274,164.4,205.5,
ADS-W-KY005-96,艾迪生,总抗氧化能力(T-AOC)检测试剂盒,reagent,96样,,,,,,,,,456,273.6,342,
ADS-F-KY015-48,艾迪生,总巯基（TTs）检测试剂盒,reagent,48样,,,,,,,,,182,109.2,136.5,
ADS-W-KY015-96,艾迪生,总巯基（TTs）检测试剂盒,reagent,96样,,,,,,,,,304,182.4,228,
ADS-F-FM001,艾迪生,辅酶Ⅰ NAD+/NADH含量检测试剂盒,reagent,24样,,,,,,,,,806,483.6,604.5,
ADS-W-FM001,艾迪生,辅酶Ⅰ NAD+/NADH含量检测试剂盒,reagent,48样,,,,,,,,,1444,866.4,1083,
ADS-F-FM007,艾迪生,NADH氧化酶(NOX)试剂盒,reagent,48样,,,,,,,,,669,401.4,501.75,
ADS-W-FM007,艾迪生,NADH氧化酶(NOX)试剂盒,reagent,96样,,,,,,,,,1292,775.2,969,
ADS-F-FM005,艾迪生,NADP-苹果酸脱氢酶(NADP-MDH)试剂盒,reagent,48样,,,,,,,,,456,273.6,342,
ADS-W-FM005,艾迪生,NADP-苹果酸脱氢酶(NADP-MDH)试剂盒,reagent,96样,,,,,,,,,882,529.2,661.5,
ADS-F-FM002-48,艾迪生,NAD激酶(NADK)试剂盒,reagent,48样,,,,,,,,,1277,766.2,957.75,
ADS-W-FM002-96,艾迪生,NAD激酶(NADK)试剂盒,reagent,96样,,,,,,,,,2037,1222.2,1527.75,
ADS-F-FM004,艾迪生,NAD-苹果酸脱氢酶(NAD-MDH)试剂盒,reagent,48样,,,,,,,,,395,237,296.25,
ADS-W-FM004,艾迪生,NAD-苹果酸脱氢酶(NAD-MDH)试剂盒,reagent,96样,,,,,,,,,775,465,581.25,
ADS-F-GH004-25,艾迪生,二磷酸核酮糖羧化酶(Rubisco)试剂盒,reagent,24样,,,,,,,,,2736,1641.6,2052,
ADS-F-GH004-50,艾迪生,二磷酸核酮糖羧化酶(Rubisco)试剂盒,reagent,48样,,,,,,,,,4256,2553.6,3192,
ADS-W-GH004-48,艾迪生,二磷酸核酮糖羧化酶(Rubisco)试剂盒,reagent,48样,,,,,,,,,3192,1915.2,2394,
ADS-W-GH004,艾迪生,二磷酸核酮糖羧化酶(Rubisco)试剂盒,reagent,96样,,,,,,,,,5776,3465.6,4332,
ADS-F-FM008-09,艾迪生,柠檬酸合酶(CS)检测试剂盒,reagent,9样,,,,,,,,,1333,799.8,999.75,
ADS-F-FM008-100,艾迪生,柠檬酸合酶(CS)检测试剂盒,reagent,24样,,,,,,,,,3344,2006.4,2508,
ADS-F-FM008-48,艾迪生,柠檬酸合酶(CS)检测试剂盒,reagent,48样,,,,,,,,,6667,4000.2,5000.25,
ADS-W-FM008,艾迪生,柠檬酸合酶(CS)检测试剂盒,reagent,48样,,,,,,,,,4864,2918.4,3648,
ADS-F-FM003-48,艾迪生,乳酸脱氢酶(LDH)检测试剂盒,reagent,48样,,,,,,,,,228,136.8,171,
ADS-W-FM003-96,艾迪生,乳酸脱氢酶(LDH)检测试剂盒,reagent,96样,,,,,,,,,425,255,318.75,
ADS-F-FM022,艾迪生,6-磷酸葡萄糖酸脱氢酶(6PGDH)试剂盒,reagent,48样,,,,,,,,,1094,656.4,820.5,
ADS-W-FM022,艾迪生,6-磷酸葡萄糖酸脱氢酶(6PGDH)试剂盒,reagent,96样,,,,,,,,,1900,1140,1425,
ADS-F-FM018-48,艾迪生,6-磷酸葡萄糖脱氢酶(G6PDH)试剂盒,reagent,48样,,,,,,,,,1094,656.4,820.5,
ADS-W-FM018,艾迪生,6-磷酸葡萄糖脱氢酶(G6PDH)试剂盒,reagent,96样,,,,,,,,,1900,1140,1425,
ADS-F-FM015,艾迪生,辅酶ⅡNADP+/NADPH含量试剂盒,reagent,24样,,,,,,,,,806,483.6,604.5,
ADS-W-FM015,艾迪生,辅酶ⅡNADP+/NADPH含量试剂盒,reagent,48样,,,,,,,,,1490,894,1117.5,
ADS-F-FM036,艾迪生,NADP磷酸酶(NADPase)检测试剂盒,reagent,48样,,,,,,,,,867,520.2,650.25,
ADS-W-FM036,艾迪生,NADP磷酸酶(NADPase)检测试剂盒,reagent,96样,,,,,,,,,1633,979.8,1224.75,
ADS-F-FM020-48,艾迪生,NADP苹果酸酶(NADP-ME)试剂盒,reagent,48样,,,,,,,,,486,291.6,364.5,
ADS-W-FM020,艾迪生,NADP苹果酸酶(NADP-ME)试剂盒,reagent,96样,,,,,,,,,912,547.2,684,
ADS-F-FM021-48,艾迪生,NAD-苹果酸酶(NAD-ME)试剂盒,reagent,48样,,,,,,,,,532,319.2,399,
ADS-W-FM021,艾迪生,NAD-苹果酸酶(NAD-ME)试剂盒,reagent,96样,,,,,,,,,988,592.8,741,
ADS-F-S016,艾迪生,细胞质异柠檬酸脱氢酶(NADP-IDH)试剂盒,reagent,48样,,,,,,,,,395,237,296.25,
ADS-W-S016,艾迪生,细胞质异柠檬酸脱氢酶(NADP-IDH)试剂盒,reagent,96样,,,,,,,,,760,456,570,
ADS-F-N029-24,艾迪生,谷氨酸合成酶(GOGAT)检测试剂盒,reagent,24样,,,,,,,,,1034,620.4,775.5,
ADS-F-N029,艾迪生,谷氨酸合成酶(GOGAT)检测试剂盒,reagent,48样,,,,,,,,,1140,684,855,
ADS-W-N029-48,艾迪生,谷氨酸合成酶(GOGAT)检测试剂盒,reagent,48样,,,,,,,,,1672,1003.2,1254,
ADS-W-N029,艾迪生,谷氨酸合成酶(GOGAT)检测试剂盒,reagent,96样,,,,,,,,,1823,1093.8,1367.25,
ADS-F-N030,艾迪生,谷氨酸脱氢酶(GDH)检测试剂盒,reagent,48样,,,,,,,,,760,456,570,
ADS-W-N030,艾迪生,谷氨酸脱氢酶(GDH)检测试剂盒,reagent,96样,,,,,,,,,1429,857.4,1071.75,
ADS-F-N007,艾迪生,食品中亚硝酸盐含量试剂盒,reagent,48样,,,,,,,,,304,182.4,228,
ADS-W-N007,艾迪生,食品中亚硝酸盐含量试剂盒,reagent,96样,,,,,,,,,578,346.8,433.5,
ADS-F-N006,艾迪生,水土中亚硝酸盐含量试剂盒,reagent,48样,,,,,,,,,213,127.8,159.75,
ADS-W-N006,艾迪生,水土中亚硝酸盐含量试剂盒,reagent,96样,,,,,,,,,410,246,307.5,
ADS-F-AJS005,艾迪生,氨基酸(AA)含量试剂盒,reagent,48样,,,,,,,,,122,73.2,91.5,
ADS-W-AJS005,艾迪生,氨基酸(AA)含量试剂盒,reagent,96样,,,,,,,,,228,136.8,171,
ADS-F-AJS006,艾迪生,半胱氨酸(Cys)含量试剂盒,reagent,48样,,,,,,,,,471,282.6,353.25,
ADS-W-AJS006,艾迪生,半胱氨酸(Cys)含量试剂盒,reagent,96样,,,,,,,,,912,547.2,684,
ADS-F-AJS007-48,艾迪生,谷氨酸(Glu)含量试剂盒,reagent,48样,,,,,,,,,547,328.2,410.25,
ADS-W-AJS007,艾迪生,谷氨酸(Glu)含量试剂盒,reagent,96样,,,,,,,,,882,529.2,661.5,
ADS-F-N008,艾迪生,谷氨酰胺合成酶(GS)试剂盒,reagent,24样,,,,,,,,,426,255.6,319.5,
ADS-F-N008-48,艾迪生,谷氨酰胺合成酶(GS)试剂盒,reagent,48样,,,,,,,,,745,447,558.75,
ADS-W-N008,艾迪生,谷氨酰胺合成酶(GS)试剂盒,reagent,48样,,,,,,,,,821,492.6,615.75,
ADS-W-N008-96,艾迪生,谷氨酰胺合成酶(GS)试剂盒,reagent,96样,,,,,,,,,1398,838.8,1048.5,
ADS-F-AJS001-48,艾迪生,谷丙转氨酶/丙氨酸氨基转氨酶(GPT/ALT)试剂盒,reagent,48样,,,,,,,,,152,91.2,114,
ADS-W-AJS001-96,艾迪生,谷丙转氨酶/丙氨酸氨基转氨酶(GPT/ALT)试剂盒,reagent,96样,,,,,,,,,182,109.2,136.5,
ADS-F-AJS002-48,艾迪生,谷草转氨酶/天冬氨酸氨基转氨酶(GOT/AST)试剂盒,reagent,48样,,,,,,,,,152,91.2,114,
ADS-W-AJS002-96,艾迪生,谷草转氨酶/天冬氨酸氨基转氨酶(GOT/AST)试剂盒,reagent,96样,,,,,,,,,182,109.2,136.5,
ADS-F-A003,艾迪生,Ca2+ Mg2+—ATP酶试剂盒,reagent,24样,,,,,,,,,304,182.4,228,
ADS-W-A003,艾迪生,Ca2+ Mg2+—ATP酶试剂盒,reagent,48样,,,,,,,,,578,346.8,433.5,
ADS-F-A002,艾迪生,Na+k+—ATP酶试剂盒,reagent,24样,,,,,,,,,289,173.4,216.75,
ADS-W-A002,艾迪生,Na+k+—ATP酶试剂盒,reagent,48样,,,,,,,,,486,291.6,364.5,
ADS-F-TDX015,艾迪生,α-半乳糖苷酶(α-GAL)试剂盒,reagent,24样,,,,,,,,,851,510.6,638.25,
ADS-W-TDX015,艾迪生,α-半乳糖苷酶(α-GAL)试剂盒,reagent,48样,,,,,,,,,1459,875.4,1094.25,
ADS-F-TDX013,艾迪生,α-葡萄糖苷酶(α - GC)试剂盒,reagent,24样,,,,,,,,,745,447,558.75,
ADS-W-TDX013,艾迪生,α-葡萄糖苷酶(α - GC)试剂盒,reagent,48样,,,,,,,,,1459,875.4,1094.25,
ADS-F-TDX012-48,艾迪生,"β-1,3葡聚糖酶(β-1,3-GA)试剂盒",reagent,48样,,,,,,,,,821,492.6,615.75,
ADS-W-TDX012-96,艾迪生,"β-1,3葡聚糖酶(β-1,3-GA)试剂盒",reagent,96样,,,,,,,,,1490,894,1117.5,
ADS-F-TDX016,艾迪生,β-半乳糖苷酶(β-GAL)试剂盒,reagent,24样,,,,,,,,,851,510.6,638.25,
ADS-W-TDX016,艾迪生,β-半乳糖苷酶(β-GAL)试剂盒,reagent,48样,,,,,,,,,1459,875.4,1094.25,
ADS-F-TDX021,艾迪生,β-木糖苷酶试剂盒,reagent,24样,,,,,,,,,1186,711.6,889.5,
ADS-W-TDX021,艾迪生,β-木糖苷酶试剂盒,reagent,48样,,,,,,,,,2098,1258.8,1573.5,
ADS-F-TDX022,艾迪生,α-木糖苷酶试剂盒,reagent,24样,,,,,,,,,2067,1240.2,1550.25,
ADS-W-TDX022,艾迪生,α-木糖苷酶试剂盒,reagent,48样,,,,,,,,,2979,1787.4,2234.25,
ADS-F-TDX014,艾迪生,β-葡萄糖苷酶(β-GC)/纤维二糖酶试剂盒,reagent,24样,,,,,,,,,745,447,558.75,
ADS-W-TDX014,艾迪生,β-葡萄糖苷酶(β-GC)/纤维二糖酶试剂盒,reagent,48样,,,,,,,,,1459,875.4,1094.25,
ADS-F-TDX040-50,艾迪生,葡萄糖含量检测试剂盒,reagent,48样,,,,,,,,,228,136.8,171,
ADS-W-TDX040-100,艾迪生,葡萄糖含量检测试剂盒,reagent,96样,,,,,,,,,426,255.6,319.5,
ADS-F-TDX010-48,艾迪生,还原糖含量试剂盒,reagent,48样,,,,,,,,,395,237,296.25,
ADS-W-TDX010-96,艾迪生,还原糖含量试剂盒,reagent,96样,,,,,,,,,760,456,570,
ADS-F-TDX006-50,艾迪生,海藻糖含量检测试剂盒,reagent,48样,,,,,,,,,486,291.6,364.5,
ADS-W-TDX006-100,艾迪生,海藻糖含量检测试剂盒,reagent,96样,,,,,,,,,897,538.2,672.75,
ADS-F-TDX007,艾迪生,海藻糖酶(Trehalase)试剂盒,reagent,24样,,,,,,,,,760,456,570,
ADS-W-TDX007,艾迪生,海藻糖酶(Trehalase)试剂盒,reagent,48样,,,,,,,,,1459,875.4,1094.25,
ADS-F-TDX064-24,艾迪生,碱性木聚糖酶(BAX)检测试剂盒,reagent,24样,,,,,,,,,821,492.6,615.75,
ADS-W-TDX064-48,艾迪生,碱性木聚糖酶(BAX)检测试剂盒,reagent,48样,,,,,,,,,1444,866.4,1083,
ADS-F-TDX008,艾迪生,山梨醇含量检测试剂盒,reagent,48样,,,,,,,,,456,273.6,342,
ADS-W-TDX008,艾迪生,山梨醇含量检测试剂盒,reagent,96样,,,,,,,,,821,492.6,615.75,
ADS-F-TDX068,艾迪生,山梨醇脱氢酶(SDH)检测试剂盒,reagent,48样,,,,,,,,,699,419.4,524.25,
ADS-W-TDX068,艾迪生,山梨醇脱氢酶(SDH)检测试剂盒,reagent,96样,,,,,,,,,1368,820.8,1026,
ADS-F-TDX069,艾迪生,酸性木聚糖酶(ACX)检测试剂盒,reagent,48样,,,,,,,,,821,492.6,615.75,
ADS-W-TDX069,艾迪生,酸性木聚糖酶(ACX)检测试剂盒,reagent,96样,,,,,,,,,1444,866.4,1083,
ADS-F-TDX070,艾迪生,糖原含量检测试剂盒,reagent,48样,,,,,,,,,608,364.8,456,
ADS-W-TDX070-48,艾迪生,糖原含量检测试剂盒,reagent,48样,,,,,,,,,486,291.6,364.5,
ADS-W-TDX070,艾迪生,糖原含量检测试剂盒,reagent,96样,,,,,,,,,882,529.2,661.5,
ADS-F-TDX036-24,艾迪生,"内切-β-1,4-葡聚糖酶/纤维素酶试剂盒",reagent,24样,,,,,,,,,790,474,592.5,
ADS-W-TDX036-48,艾迪生,"内切-β-1,4-葡聚糖酶/纤维素酶试剂盒",reagent,48样,,,,,,,,,1490,894,1117.5,
ADS-F-TDX001-48,艾迪生,血糖含量检测试剂盒,reagent,48样,,,,,,,,,228,136.8,171,
ADS-W-TDX001-96,艾迪生,血糖含量检测试剂盒,reagent,96样,,,,,,,,,426,255.6,319.5,
ADS-F-TDX039-48,艾迪生,植物可溶性糖含量检测试剂盒,reagent,48样,,,,,,,,,274,164.4,205.5,
ADS-W-TDX039-50,艾迪生,植物可溶性糖含量检测试剂盒,reagent,48样,,,,,,,,,304,182.4,228,
ADS-W-TDX039-96,艾迪生,植物可溶性糖含量检测试剂盒,reagent,96样,,,,,,,,,532,319.2,399,
ADS-F-TDX071,艾迪生,果糖(FT)含量检测试剂盒,reagent,48样,,,,,,,,,395,237,296.25,
ADS-W-TDX071,艾迪生,果糖(FT)含量检测试剂盒,reagent,96样,,,,,,,,,790,474,592.5,
ADS-F-TDX060,艾迪生,中性木聚糖酶（NEX）试剂盒,reagent,48样,,,,,,,,,821,492.6,615.75,
ADS-W-TDX060,艾迪生,中性木聚糖酶（NEX）试剂盒,reagent,96样,,,,,,,,,1444,866.4,1083,
ADS-F-T026,艾迪生,丙酮酸(pyruvic acid PA)含量检测试剂盒,reagent,48样,,,,,,,,,684,410.4,513,
ADS-W-T026,艾迪生,丙酮酸(pyruvic acid PA)含量检测试剂盒,reagent,96样,,,,,,,,,1246,747.6,934.5,
ADS-F-T002,艾迪生,丙酮酸激酶(PK)试剂盒,reagent,48样,,,,,,,,,684,410.4,513,
ADS-W-T002,艾迪生,丙酮酸激酶(PK)试剂盒,reagent,96样,,,,,,,,,1338,802.8,1003.5,
ADS-F-T003,艾迪生,果糖-6-磷酸激酶试剂盒,reagent,48样,,,,,,,,,1034,620.4,775.5,
ADS-W-T003,艾迪生,果糖-6-磷酸激酶试剂盒,reagent,96样,,,,,,,,,1976,1185.6,1482,
ADS-F-T001,艾迪生,己糖激酶(HK)试剂盒,reagent,48样,,,,,,,,,760,456,570,
ADS-W-T001,艾迪生,己糖激酶(HK)试剂盒,reagent,96样,,,,,,,,,1490,894,1117.5,
ADS-F-T004,艾迪生,磷酸烯醇式丙酮酸羧化酶(PEPC)试剂盒,reagent,48样,,,,,,,,,821,492.6,615.75,
ADS-W-T004,艾迪生,磷酸烯醇式丙酮酸羧化酶(PEPC)试剂盒,reagent,96样,,,,,,,,,1596,957.6,1197,
ADS-F-S019,艾迪生,柠檬酸(CA)含量检测试剂盒,reagent,48样,,,,,,,,,2736,1641.6,2052,
ADS-W-S019-48,艾迪生,柠檬酸(CA)含量检测试剂盒,reagent,48样,,,,,,,,,2250,1350,1687.5,
ADS-W-S019,艾迪生,柠檬酸(CA)含量检测试剂盒,reagent,96样,,,,,,,,,3648,2188.8,2736,
ADS-F-S001,艾迪生,α-酮戊二酸脱氢酶(α-KGDH)试剂盒,reagent,48样,,,,,,,,,973,583.8,729.75,
ADS-W-S001,艾迪生,α-酮戊二酸脱氢酶(α-KGDH)试剂盒,reagent,96样,,,,,,,,,1806,1083.6,1354.5,
ADS-F-S004,艾迪生,丙酮酸脱氢酶(PDH)试剂盒,reagent,48样,,,,,,,,,1034,620.4,775.5,
ADS-W-S004,艾迪生,丙酮酸脱氢酶(PDH)试剂盒,reagent,96样,,,,,,,,,1885,1131,1413.75,
ADS-F-S003,艾迪生,琥珀酸脱氢酶(SDH)试剂盒,reagent,48样,,,,,,,,,395,237,296.25,
ADS-W-S003,艾迪生,琥珀酸脱氢酶(SDH)试剂盒,reagent,96样,,,,,,,,,745,447,558.75,
ADS-F-S005-48,艾迪生,线粒体异柠檬酸脱氢酶(ICDHm)试剂盒,reagent,48样,,,,,,,,,395,237,296.25,
ADS-W-S005,艾迪生,线粒体异柠檬酸脱氢酶(ICDHm)试剂盒,reagent,96样,,,,,,,,,760,456,570,
ADS-F-S009-09,艾迪生,乙酰辅酶A含量试剂盒,reagent,9样,,,,,,,,,833,499.8,624.75,
ADS-F-S009,艾迪生,乙酰辅酶A含量试剂盒,reagent,24样,,,,,,,,,1976,1185.6,1482,
ADS-F-S009-100,艾迪生,乙酰辅酶A含量试剂盒,reagent,48样,,,,,,,,,3648,2188.8,2736,
ADS-W-S009-48,艾迪生,乙酰辅酶A含量试剂盒,reagent,48样,,,,,,,,,3496,2097.6,2622,
ADS-W-S009,艾迪生,乙酰辅酶A含量试剂盒,reagent,96样,,,,,,,,,6840,4104,5130,
ADS-F-FM006-48,艾迪生,线粒体复合体Ⅰ检测试剂盒,reagent,48样,,,,,,,,,2736,1641.6,2052,
ADS-W-FM006,艾迪生,线粒体复合体Ⅰ检测试剂盒,reagent,96样,,,,,,,,,3344,2006.4,2508,
ADS-F-X002-48,艾迪生,线粒体复合体Ⅱ检测试剂盒,reagent,48样,,,,,,,,,2736,1641.6,2052,
ADS-W-X002,艾迪生,线粒体复合体Ⅱ检测试剂盒,reagent,96样,,,,,,,,,3344,2006.4,2508,
ADS-F-X012,艾迪生,线粒体复合体Ⅲ检测试剂盒,reagent,48样,,,,,,,,,2402,1441.2,1801.5,
ADS-W-X012,艾迪生,线粒体复合体Ⅲ检测试剂盒,reagent,96样,,,,,,,,,3344,2006.4,2508,
ADS-F-X010-48,艾迪生,线粒体复合体Ⅳ检测试剂盒,reagent,48样,,,,,,,,,2402,1441.2,1801.5,
ADS-W-X010-96,艾迪生,线粒体复合体Ⅳ检测试剂盒,reagent,96样,,,,,,,,,3344,2006.4,2508,
ADS-F-X011-48,艾迪生,线粒体复合体Ⅴ检测试剂盒,reagent,48样,,,,,,,,,1946,1167.6,1459.5,
ADS-W-X011-100,艾迪生,线粒体复合体Ⅴ检测试剂盒,reagent,48样,,,,,,,,,3344,2006.4,2508,
ADS-F-DF004-24,艾迪生,ADPG焦磷酸化酶/腺苷二磷酸葡萄糖焦磷酸化酶(AGP)活性检测试剂盒,reagent,24样,,,,,,,,,2500,1500,1875,
ADS-F-DF004-100,艾迪生,ADPG焦磷酸化酶/腺苷二磷酸葡萄糖焦磷酸化酶(AGP)活性检测试剂盒,reagent,48样,,,,,,,,,3496,2097.6,2622,
ADS-W-DF004,艾迪生,ADPG焦磷酸化酶/腺苷二磷酸葡萄糖焦磷酸化酶(AGP)活性检测试剂盒,reagent,96样,,,,,,,,,6688,4012.8,5016,
ADS-F-DF002-24,艾迪生,α-淀粉酶(α-AL)检测试剂盒,reagent,24样,,,,,,,,,350,210,262.5,
ADS-W-DF002-48,艾迪生,α-淀粉酶(α-AL)检测试剂盒,reagent,48样,,,,,,,,,699,419.4,524.25,
ADS-F-DF003-24,艾迪生,β-淀粉酶(β-AL)检测试剂盒,reagent,24样,,,,,,,,,684,410.4,513,
ADS-W-DF003-48,艾迪生,β-淀粉酶(β-AL)检测试剂盒,reagent,48样,,,,,,,,,1368,820.8,1026,
ADS-F-DF010,艾迪生,淀粉分支酶(SBE)检测试剂盒,reagent,24样,,,,,,,,,1034,620.4,775.5,
ADS-W-DF010,艾迪生,淀粉分支酶(SBE)检测试剂盒,reagent,48样,,,,,,,,,1763,1057.8,1322.25,
ADS-F-DF008-48,艾迪生,结合态淀粉合成酶(GBSS)检测试剂盒,reagent,48样,,,,,,,,,4773,2863.8,3579.75,
ADS-W-DF008-48,艾迪生,结合态淀粉合成酶(GBSS)检测试剂盒,reagent,48样,,,,,,,,,4545,2727,3408.75,
ADS-W-DF008,艾迪生,结合态淀粉合成酶(GBSS)检测试剂盒,reagent,96样,,,,,,,,,7539,4523.4,5654.25,
ADS-F-DF006-100,艾迪生,可溶性淀粉合成酶(SSS)检测试剂盒,reagent,48样,,,,,,,,,4773,2863.8,3579.75,
ADS-W-DF006-48,艾迪生,可溶性淀粉合成酶(SSS)检测试剂盒,reagent,48样,,,,,,,,,4545,2727,3408.75,
ADS-W-DF006,艾迪生,可溶性淀粉合成酶(SSS)检测试剂盒,reagent,96样,,,,,,,,,7539,4523.4,5654.25,
ADS-F-ZT007,艾迪生,可溶性酸性转化酶（S-AI）)/液泡转化酶检测试剂盒,reagent,24样,,,,,,,,,760,456,570,
ADS-W-ZT007,艾迪生,可溶性酸性转化酶（S-AI）)/液泡转化酶检测试剂盒,reagent,48样,,,,,,,,,1520,912,1140,
ADS-F-ZT013,艾迪生,蔗糖合成酶(SS)检测试剂盒,reagent,48样,,,,,,,,,1467,880.2,1100.25,
ADS-W-ZT013-48,艾迪生,蔗糖合成酶(SS)检测试剂盒,reagent,48样,,,,,,,,,1333,799.8,999.75,
ADS-W-ZT013,艾迪生,蔗糖合成酶(SS)检测试剂盒,reagent,96样,,,,,,,,,2500,1500,1875,
ADS-F-ZT006,艾迪生,蔗糖磷酸合成酶(SPS)检测试剂盒,reagent,24样,,,,,,,,,1064,638.4,798,
ADS-W-ZT006,艾迪生,蔗糖磷酸合成酶(SPS)检测试剂盒,reagent,48样,,,,,,,,,1976,1185.6,1482,
ADS-W-ZT006-96,艾迪生,蔗糖磷酸合成酶(SPS)检测试剂盒,reagent,96样,,,,,,,,,4000,2400,3000,
ADS-F-ZT014,艾迪生,植物蔗糖酶(sucrase)检测试剂盒,reagent,48样,,,,,,,,,1201,720.6,900.75,
ADS-W-ZT014,艾迪生,植物蔗糖酶(sucrase)检测试剂盒,reagent,96样,,,,,,,,,2280,1368,1710,
ADS-F-ZT015,艾迪生,植物组织蔗糖(sucrose)含量检测试剂盒,reagent,48样,,,,,,,,,395,237,296.25,
ADS-W-ZT015,艾迪生,植物组织蔗糖(sucrose)含量检测试剂盒,reagent,96样,,,,,,,,,790,474,592.5,
ADS-F-ZT008,艾迪生,中性转化酶(NI)/细胞质转化酶检测试剂盒,reagent,24样,,,,,,,,,760,456,570,
ADS-W-ZT008,艾迪生,中性转化酶(NI)/细胞质转化酶检测试剂盒,reagent,48样,,,,,,,,,1520,912,1140,
ADS-F-TR003,艾迪生,土壤β-葡萄糖苷酶(S-β-GC)检测试剂盒,reagent,24样,,,,,,,,,806,483.6,604.5,
ADS-F-TR003-48,艾迪生,土壤β-葡萄糖苷酶(S-β-GC)检测试剂盒,reagent,48样,,,,,,,,,1414,848.4,1060.5,
ADS-W-TR003,艾迪生,土壤β-葡萄糖苷酶(S-β-GC)检测试剂盒,reagent,48样,,,,,,,,,1490,894,1117.5,
ADS-W-TR003-96,艾迪生,土壤β-葡萄糖苷酶(S-β-GC)检测试剂盒,reagent,96样,,,,,,,,,2508,1504.8,1881,
ADS-F-TR040,艾迪生,土壤α-葡萄糖苷酶(S-α - GC)试剂盒,reagent,24样,,,,,,,,,806,483.6,604.5,
ADS-W-TR040,艾迪生,土壤α-葡萄糖苷酶(S-α - GC)试剂盒,reagent,48样,,,,,,,,,1490,894,1117.5,
ADS-F-TR002,艾迪生,土壤多酚氧化酶(S-PPO)检测试剂盒,reagent,48样,,,,,,,,,638,382.8,478.5,
ADS-W-TR002,艾迪生,土壤多酚氧化酶(S-PPO)检测试剂盒,reagent,96样,,,,,,,,,1186,711.6,889.5,
ADS-F-TR005-24,艾迪生,土壤过氧化氢酶(S-CAT)检测试剂盒,reagent,24样,,,,,,,,,623,373.8,467.25,
ADS-F-TR005-48,艾迪生,土壤过氧化氢酶(S-CAT)检测试剂盒,reagent,48样,,,,,,,,,1094,656.4,820.5,
ADS-W-TR005,艾迪生,土壤过氧化氢酶(S-CAT)检测试剂盒,reagent,48样,,,,,,,,,1216,729.6,912,
ADS-W-TR005-96,艾迪生,土壤过氧化氢酶(S-CAT)检测试剂盒,reagent,96样,,,,,,,,,2067,1240.2,1550.25,
ADS-F-TR010,艾迪生,土壤碱性磷酸酶(S-AKP/ALP)试剂盒,reagent,48样,,,,,,,,,456,273.6,342,
ADS-W-TR010,艾迪生,土壤碱性磷酸酶(S-AKP/ALP)试剂盒,reagent,96样,,,,,,,,,684,410.4,513,
ADS-F-TR001,艾迪生,土壤脲酶(S-UE)检测试剂盒,reagent,24样,,,,,,,,,562,337.2,421.5,
ADS-F-TR001-48,艾迪生,土壤脲酶(S-UE)检测试剂盒,reagent,48样,,,,,,,,,988,592.8,741,
ADS-W-TR001,艾迪生,土壤脲酶(S-UE)检测试剂盒,reagent,48样,,,,,,,,,1125,675,843.75,
ADS-F-TR008,艾迪生,土壤酸性磷酸酶(S-ACP)试剂盒,reagent,48样,,,,,,,,,456,273.6,342,
ADS-W-TR008,艾迪生,土壤酸性磷酸酶(S-ACP)试剂盒,reagent,96样,,,,,,,,,684,410.4,513,
ADS-F-TR015-24,艾迪生,土壤脱氢酶(sDHA)检测试剂盒,reagent,24样,,,,,,,,,790,474,592.5,
ADS-W-TR015-48,艾迪生,土壤脱氢酶(sDHA)检测试剂盒,reagent,48样,,,,,,,,,1292,775.2,969,
ADS-F-TR021,艾迪生,土壤无机磷(S-PHOS)/速效磷含量检测试剂盒,reagent,48样,,,,,,,,,988,592.8,741,
ADS-W-TR021,艾迪生,土壤无机磷(S-PHOS)/速效磷含量检测试剂盒,reagent,96样,,,,,,,,,1672,1003.2,1254,
ADS-F-TR004,艾迪生,"土壤纤维素酶(S-CL)/内切-β-1,4葡聚糖酶活性检测试剂盒",reagent,24样,,,,,,,,,790,474,592.5,
ADS-W-TR004,艾迪生,"土壤纤维素酶(S-CL)/内切-β-1,4葡聚糖酶活性检测试剂盒",reagent,48样,,,,,,,,,1490,894,1117.5,
ADS-F-TR007,艾迪生,土壤蔗糖酶(S-SC)检测试剂盒,reagent,24样,,,,,,,,,684,410.4,513,
ADS-F-TR007-48,艾迪生,土壤蔗糖酶(S-SC)检测试剂盒,reagent,48样,,,,,,,,,1201,720.6,900.75,
ADS-W-TR007,艾迪生,土壤蔗糖酶(S-SC)检测试剂盒,reagent,48样,,,,,,,,,1322,793.2,991.5,
ADS-W-TR007-96,艾迪生,土壤蔗糖酶(S-SC)检测试剂盒,reagent,96样,,,,,,,,,2280,1368,1710,
ADS-F-TR009,艾迪生,土壤中性磷酸酶(S-NP)活性检测试剂盒,reagent,48样,,,,,,,,,456,273.6,342,
ADS-W-TR009,艾迪生,土壤中性磷酸酶(S-NP)活性检测试剂盒,reagent,96样,,,,,,,,,684,410.4,513,
ADS-F-TR028,艾迪生,土壤总磷/有机磷/无机磷含量检测试剂盒,reagent,48样,,,,,,,,,988,592.8,741,
ADS-W-TR028,艾迪生,土壤总磷/有机磷/无机磷含量检测试剂盒,reagent,96样,,,,,,,,,1672,1003.2,1254,
ADS-F-TR018,艾迪生,土壤碱性蛋白酶(S-ALPT)活性检测试剂盒,reagent,24样,,,,,,,,,941,564.6,705.75,
ADS-W-TR017,艾迪生,土壤碱性蛋白酶(S-ALPT)活性检测试剂盒,reagent,48样,,,,,,,,,1669,1001.4,1251.75,
ADS-F-TR017,艾迪生,土壤中性蛋白酶(S-NPT)活性检测试剂盒,reagent,24样,,,,,,,,,941,564.6,705.75,
ADS-W-TR016,艾迪生,土壤中性蛋白酶(S-NPT)活性检测试剂盒,reagent,48样,,,,,,,,,1669,1001.4,1251.75,
ADS-F-TR016,艾迪生,土壤酸性蛋白酶（S-ACPT ）活检测试剂盒,reagent,24样,,,,,,,,,941,564.6,705.75,
ADS-W-TR015,艾迪生,土壤酸性蛋白酶（S-ACPT ）活检测试剂盒,reagent,48样,,,,,,,,,1669,1001.4,1251.75,
ADS-F-ZM004,艾迪生,羧酸酯酶(CarE)活性检测试剂盒,reagent,48样,,,,,,,,,456,273.6,342,
ADS-W-ZM004,艾迪生,羧酸酯酶(CarE)活性检测试剂盒,reagent,96样,,,,,,,,,790,474,592.5,
ADS-F-ZM001,艾迪生,乙酰胆碱酯酶(AchE)活性检测试剂盒,reagent,48样,,,,,,,,,304,182.4,228,
ADS-W-ZM001,艾迪生,乙酰胆碱酯酶(AchE)活性检测试剂盒,reagent,96样,,,,,,,,,578,346.8,433.5,
ADS-F-ZM003-48,艾迪生,碱性磷酸酶(AKP/ALP)活性检测试剂盒,reagent,48样,,,,,,,,,304,182.4,228,
ADS-W-ZM003-96,艾迪生,碱性磷酸酶(AKP/ALP)活性检测试剂盒,reagent,96样,,,,,,,,,532,319.2,399,
ADS-F-ZM002-48,艾迪生,酸性磷酸酶(ACP)活性检测试剂盒,reagent,48样,,,,,,,,,304,182.4,228,
ADS-W-ZM002-96,艾迪生,酸性磷酸酶(ACP)活性检测试剂盒,reagent,96样,,,,,,,,,532,319.2,399,
ADS-F-N005,艾迪生,一氧化氮(NO)含量检测试剂盒,reagent,48样,,,,,,,,,730,438,547.5,
ADS-W-N005-96,艾迪生,一氧化氮(NO)含量检测试剂盒,reagent,96样,,,,,,,,,1368,820.8,1026,
ADS-F-XH001,艾迪生,H2S含量检测试剂盒,reagent,48样,,,,,,,,,517,310.2,387.75,
ADS-W-XH001,艾迪生,H2S含量检测试剂盒,reagent,96样,,,,,,,,,1003,601.8,752.25,
ADS-F-D038,艾迪生,水样中六价铬离子(Cr6+)浓度检测试剂盒,reagent,48样,,,,,,,,,941,564.6,705.75,
ADS-W-D038,艾迪生,水样中六价铬离子(Cr6+)浓度检测试剂盒,reagent,96样,,,,,,,,,1745,1047,1308.75,
ADS-F-D039,艾迪生,血钙浓度检测试剂盒,reagent,48样,,,,,,,,,152,91.2,114,
ADS-W-D039,艾迪生,血钙浓度检测试剂盒,reagent,96样,,,,,,,,,274,164.4,205.5,
ADS-F-D020-48,艾迪生,血钾浓度检测试剂盒,reagent,48样,,,,,,,,,730,438,547.5,
ADS-W-D020-96,艾迪生,血钾浓度检测试剂盒,reagent,96样,,,,,,,,,1307,784.2,980.25,
ADS-F-LZ005-48,艾迪生,血磷浓度检测试剂盒,reagent,48样,,,,,,,,,243,145.8,182.25,
ADS-W-LZ005-96,艾迪生,血磷浓度检测试剂盒,reagent,96样,,,,,,,,,304,182.4,228,
ADS-F-D021-48,艾迪生,血镁浓度检测试剂盒,reagent,48样,,,,,,,,,258,154.8,193.5,
ADS-W-D021-96,艾迪生,血镁浓度检测试剂盒,reagent,96样,,,,,,,,,456,273.6,342,
ADS-F-D019-48,艾迪生,血钠浓度检测试剂盒,reagent,48样,,,,,,,,,532,319.2,399,
ADS-W-D019-96,艾迪生,血钠浓度检测试剂盒,reagent,96样,,,,,,,,,836,501.6,627,
ADS-F-D040,艾迪生,血清铁浓度检测试剂盒,reagent,48样,,,,,,,,,274,164.4,205.5,
ADS-W-D040,艾迪生,血清铁浓度检测试剂盒,reagent,96样,,,,,,,,,517,310.2,387.75,
ADS-F-D041,艾迪生,血锌浓度检测试剂盒,reagent,48样,,,,,,,,,608,364.8,456,
ADS-W-D041,艾迪生,血锌浓度检测试剂盒,reagent,96样,,,,,,,,,836,501.6,627,
ADS-F-D027,艾迪生,血清总铁结合力(TIBC)检测试剂盒,reagent,48样,,,,,,,,,304,182.4,228,
ADS-W-D027,艾迪生,血清总铁结合力(TIBC)检测试剂盒,reagent,96样,,,,,,,,,578,346.8,433.5,
ADS-F-D042,艾迪生,组织无机磷含量测定试剂盒,reagent,48样,,,,,,,,,917,550.2,687.75,
ADS-W-D042,艾迪生,组织无机磷含量测定试剂盒,reagent,96样,,,,,,,,,1667,1000.2,1250.25,
ADS-F-D043,艾迪生,组织总磷含量测定试剂盒,reagent,48样,,,,,,,,,917,550.2,687.75,
ADS-W-D043,艾迪生,组织总磷含量测定试剂盒,reagent,96样,,,,,,,,,1667,1000.2,1250.25,
ADS-F-D045,艾迪生,转氢酶-2(TH-2)检测试剂盒,reagent,48样,,,,,,,,,1083,649.8,812.25,
ADS-W-D045,艾迪生,转氢酶-2(TH-2)检测试剂盒,reagent,96样,,,,,,,,,2000,1200,1500,
ADS-F-QT003,艾迪生,单胺氧化酶(MAO)检测试剂盒,reagent,48样,,,,,,,,,517,310.2,387.75,
ADS-W-QT003,艾迪生,单胺氧化酶(MAO)检测试剂盒,reagent,96样,,,,,,,,,973,583.8,729.75,
ADS-F-FM023,艾迪生,肌酸激酶(CK)检测试剂盒,reagent,48样,,,,,,,,,1186,711.6,889.5,
ADS-W-FM023-48,艾迪生,肌酸激酶(CK)检测试剂盒,reagent,48样,,,,,,,,,912,547.2,684,
ADS-W-FM023,艾迪生,肌酸激酶(CK)检测试剂盒,reagent,96样,,,,,,,,,1642,985.2,1231.5,
ADS-F-QT006,艾迪生,甜菜碱(Betaine)含量检测试剂盒,reagent,48样,,,,,,,,,623,373.8,467.25,
ADS-W-QT006,艾迪生,甜菜碱(Betaine)含量检测试剂盒,reagent,96样,,,,,,,,,1216,729.6,912,
ADS-F-QT002,艾迪生,乙酸激酶(ACK)检测试剂盒,reagent,48样,,,,,,,,,1444,866.4,1083,
ADS-W-QT002,艾迪生,乙酸激酶(ACK)检测试剂盒,reagent,96样,,,,,,,,,2645,1587,1983.75,
ADS-F-QT001-48,艾迪生,异柠檬酸裂解酶(ICL)检测试剂盒,reagent,48样,,,,,,,,,1125,675,843.75,
ADS-W-QT001,艾迪生,异柠檬酸裂解酶(ICL)检测试剂盒,reagent,96样,,,,,,,,,2158,1294.8,1618.5,
ADS-F-QT010-48,艾迪生,脱氢酶(DHA)检测试剂盒,reagent,48样,,,,,,,,,836,501.6,627,
ADS-W-QT010-96,艾迪生,脱氢酶(DHA)检测试剂盒,reagent,96样,,,,,,,,,1444,866.4,1083,
ADS-F-D046,艾迪生,氨基比林-N-脱甲基酶(AND)活性检测试剂盒,reagent,24样,,,,,,,,,1250,750,937.5,
ADS-W-D046,艾迪生,氨基比林-N-脱甲基酶(AND)活性检测试剂盒,reagent,48样,,,,,,,,,2333,1399.8,1749.75,
ADS-F-D047,艾迪生,苯胺-4-羟化酶(AH)活性检测试剂盒,reagent,24样,,,,,,,,,1250,750,937.5,
ADS-W-D047,艾迪生,苯胺-4-羟化酶(AH)活性检测试剂盒,reagent,48样,,,,,,,,,2483,1489.8,1862.25,
ADS-F-D048,艾迪生,红霉素-N-脱甲基酶(ERND)活性检测试剂盒,reagent,24样,,,,,,,,,1250,750,937.5,
ADS-W-D048,艾迪生,红霉素-N-脱甲基酶(ERND)活性检测试剂盒,reagent,48样,,,,,,,,,2333,1399.8,1749.75,
ADS-F-D049,艾迪生,细胞色素b5(Cytochrome b5)含量测定试剂盒,reagent,48样,,,,,,,,,500,300,375,
ADS-W-D049,艾迪生,细胞色素b5(Cytochrome b5)含量测定试剂盒,reagent,96样,,,,,,,,,917,550.2,687.75,
ADS-F-D003,艾迪生,碱性蛋白酶(AKP)试剂盒,reagent,24样,,,,,,,,,821,492.6,615.75,
ADS-W-D003,艾迪生,碱性蛋白酶(AKP)试剂盒,reagent,48样,,,,,,,,,1490,894,1117.5,
ADS-F-D006-24,艾迪生,糜蛋白酶(Chymotrypsin)/胰凝乳蛋白酶检测试剂盒,reagent,24样,,,,,,,,,578,346.8,433.5,
ADS-F-D006-48,艾迪生,糜蛋白酶(Chymotrypsin)/胰凝乳蛋白酶检测试剂盒,reagent,48样,,,,,,,,,1140,684,855,
ADS-W-D006-48,艾迪生,糜蛋白酶(Chymotrypsin)/胰凝乳蛋白酶检测试剂盒,reagent,48样,,,,,,,,,1063,637.8,797.25,
ADS-W-D006,艾迪生,糜蛋白酶(Chymotrypsin)/胰凝乳蛋白酶检测试剂盒,reagent,96样,,,,,,,,,1642,985.2,1231.5,
ADS-F-D001,艾迪生,酸性蛋白酶试剂盒,reagent,24样,,,,,,,,,821,492.6,615.75,
ADS-W-D001,艾迪生,酸性蛋白酶试剂盒,reagent,48样,,,,,,,,,1490,894,1117.5,
ADS-F-D005,艾迪生,胃蛋白酶(Pepsin)试剂盒,reagent,24样,,,,,,,,,365,219,273.75,
ADS-W-D005,艾迪生,胃蛋白酶(Pepsin)试剂盒,reagent,48样,,,,,,,,,669,401.4,501.75,
ADS-F-D004-48,艾迪生,胰蛋白酶(Trypsin)试剂盒,reagent,48样,,,,,,,,,790,474,592.5,
ADS-W-D004-48,艾迪生,胰蛋白酶(Trypsin)试剂盒,reagent,48样,,,,,,,,,821,492.6,615.75,
ADS-W-D004,艾迪生,胰蛋白酶(Trypsin)试剂盒,reagent,96样,,,,,,,,,1429,857.4,1071.75,
ADS-F-D002,艾迪生,中性蛋白酶(NP)试剂盒,reagent,24样,,,,,,,,,821,492.6,615.75,
ADS-W-D002,艾迪生,中性蛋白酶(NP)试剂盒,reagent,48样,,,,,,,,,1490,894,1117.5,
ADS-W-SP004,艾迪生,BCA法蛋白含量检测试剂盒,reagent,500T,,,,,,,,,633,379.8,474.75,
ADS-W-SP004-5000,艾迪生,BCA法蛋白含量检测试剂盒,reagent,5000T,,,,,,,,,3000,1800,2250,
ADS-W-SP004-100,艾迪生,BCA法蛋白含量检测试剂盒,reagent,100T,,,,,,,,,288,172.8,216,
ADS-W-SP004-200,艾迪生,BCA法蛋白含量检测试剂盒,reagent,200T,,,,,,,,,546,327.6,409.5,
ADS-F-SP004,艾迪生,BCA法蛋白含量检测试剂盒,reagent,50T,,,,,,,,,152,91.2,114,
ADS-F-SP004-100,艾迪生,BCA法蛋白含量检测试剂盒,reagent,100T,,,,,,,,,288,172.8,216,
ADS-W-SP003-500,艾迪生,考马斯亮蓝法测蛋白含量检测试剂盒,reagent,500T,,,,,,,,,633,379.8,474.75,
ADS-W-SP003,艾迪生,考马斯亮蓝法测蛋白含量检测试剂盒,reagent,5000T,,,,,,,,,3000,1800,2250,
ADS-F-SP001,艾迪生,可溶性蛋白含量(SP)试剂盒(双缩脲法),reagent,48样,,,,,,,,,91,54.6,68.25,
ADS-W-SP001,艾迪生,可溶性蛋白含量(SP)试剂盒(双缩脲法),reagent,96样,,,,,,,,,213,127.8,159.75,
ADS-F-G008,艾迪生,γ-谷氨酰半胱氨酸合成酶（γ-GCS）/γ-谷氨酰半胱氨酸连接酶（GCL）活性试剂盒,reagent,48样,,,,,,,,,517,310.2,387.75,
ADS-W-G008,艾迪生,γ-谷氨酰半胱氨酸合成酶（γ-GCS）/γ-谷氨酰半胱氨酸连接酶（GCL）活性试剂盒,reagent,96样,,,,,,,,,942,565.2,706.5,
ADS-F-G003-48,艾迪生,谷胱甘肽过氧化物酶(GSH-Px)检测试剂盒,reagent,48样,,,,,,,,,654,392.4,490.5,
ADS-W-G003-48,艾迪生,谷胱甘肽过氧化物酶(GSH-Px)检测试剂盒,reagent,48样,,,,,,,,,638,382.8,478.5,
ADS-W-G003,艾迪生,谷胱甘肽过氧化物酶(GSH-Px)检测试剂盒,reagent,96样,,,,,,,,,1003,601.8,752.25,
ADS-F-FM029-48,艾迪生,谷胱甘肽还原酶(GR)活性检测试剂盒,reagent,48样,,,,,,,,,426,255.6,319.5,
ADS-W-FM029,艾迪生,谷胱甘肽还原酶(GR)活性检测试剂盒,reagent,96样,,,,,,,,,775,465,581.25,
ADS-F-G001,艾迪生,还原型谷胱甘肽(GSH)含量检测试剂盒,reagent,48样,,,,,,,,,228,136.8,171,
ADS-W-G001,艾迪生,还原型谷胱甘肽(GSH)含量检测试剂盒,reagent,96样,,,,,,,,,441,264.6,330.75,
ADS-F-G002,艾迪生,氧化型谷胱甘肽(GSSG)含量检测试剂盒,reagent,48样,,,,,,,,,426,255.6,319.5,
ADS-W-G002-48,艾迪生,氧化型谷胱甘肽(GSSG)含量检测试剂盒,reagent,48样,,,,,,,,,578,346.8,433.5,
ADS-W-G002,艾迪生,氧化型谷胱甘肽(GSSG)含量检测试剂盒,reagent,96样,,,,,,,,,836,501.6,627,
ADS-F-G009,艾迪生,γ-谷氨酰转移酶（γ-GT)/γ-谷氨酰转肽酶活性试剂盒,reagent,48样,,,,,,,,,289,173.4,216.75,
ADS-W-G009,艾迪生,γ-谷氨酰转移酶（γ-GT)/γ-谷氨酰转肽酶活性试剂盒,reagent,96样,,,,,,,,,547,328.2,410.25,
ADS-F-G004-48,艾迪生,硫氧还蛋白过氧化物酶(TPX)活性检测试剂盒,reagent,48样,,,,,,,,,456,273.6,342,
ADS-W-G004,艾迪生,硫氧还蛋白过氧化物酶(TPX)活性检测试剂盒,reagent,96样,,,,,,,,,821,492.6,615.75,
ADS-F-FM028,艾迪生,硫氧还蛋白氧化还原酶(TrxR)活性检测试剂盒,reagent,48样,,,,,,,,,456,273.6,342,
ADS-W-FM028,艾迪生,硫氧还蛋白氧化还原酶(TrxR)活性检测试剂盒,reagent,96样,,,,,,,,,684,410.4,513,
ADS-F-VC004,艾迪生,抗坏血酸氧化酶(AAO)活性检测试剂盒,reagent,48样,,,,,,,,,775,465,581.25,
ADS-W-VC004,艾迪生,抗坏血酸氧化酶(AAO)活性检测试剂盒,reagent,96样,,,,,,,,,1155,693,866.25,
ADS-F-VC005,艾迪生,抗坏血酸过氧化物酶(APX)活性检测试剂盒,reagent,48样,,,,,,,,,821,492.6,615.75,
ADS-W-VC005,艾迪生,抗坏血酸过氧化物酶(APX)活性检测试剂盒,reagent,96样,,,,,,,,,1292,775.2,969,
ADS-F-V004,艾迪生,还原型抗坏血酸(AsA)/维生素C含量检测试剂盒,reagent,48样,,,,,,,,,684,410.4,513,
ADS-W-V004-48,艾迪生,还原型抗坏血酸(AsA)/维生素C含量检测试剂盒,reagent,48样,,,,,,,,,684,410.4,513,
ADS-W-V004,艾迪生,还原型抗坏血酸(AsA)/维生素C含量检测试剂盒,reagent,96样,,,,,,,,,1307,784.2,980.25,
ADS-F-VC007,艾迪生,脱氢抗坏血酸还原酶(DHAR)试剂盒,reagent,48样,,,,,,,,,912,547.2,684,
ADS-W-VC007,艾迪生,脱氢抗坏血酸还原酶(DHAR)试剂盒,reagent,96样,,,,,,,,,1186,711.6,889.5,
ADS-F-VC002-24,艾迪生,氧化型/脱氢抗坏血酸(DHA)试剂盒,reagent,48样,,,,,,,,,684,410.4,513,
ADS-W-VC002-48,艾迪生,氧化型/脱氢抗坏血酸(DHA)试剂盒,reagent,48样,,,,,,,,,684,410.4,513,
ADS-W-VC002-96,艾迪生,氧化型/脱氢抗坏血酸(DHA)试剂盒,reagent,96样,,,,,,,,,1307,784.2,980.25,
ADS-F-VC003,艾迪生,"L-半乳糖酸-1,4-内酯脱氢酶(Gal LDH)试剂盒",reagent,48样,,,,,,,,,1748,1048.8,1311,
ADS-W-VC003,艾迪生,"L-半乳糖酸-1,4-内酯脱氢酶(Gal LDH)试剂盒",reagent,96样,,,,,,,,,3192,1915.2,2394,
ADS-F-FM013,艾迪生,单脱氢抗坏血酸还原酶(MDHAR)活性检测试剂盒,reagent,48样,,,,,,,,,1140,684,855,
ADS-W-FM013,艾迪生,单脱氢抗坏血酸还原酶(MDHAR)活性检测试剂盒,reagent,96样,,,,,,,,,1246,747.6,934.5,
ADS-F-FM009-09,艾迪生,酰基转移酶(AAT)活性检测试剂盒,reagent,9样,,,,,,,,,833,499.8,624.75,
ADS-F-FM009-24,艾迪生,酰基转移酶(AAT)活性检测试剂盒,reagent,24样,,,,,,,,,1307,784.2,980.25,
ADS-F-FM009,艾迪生,酰基转移酶(AAT)活性检测试剂盒,reagent,48样,,,,,,,,,2500,1500,1875,
ADS-W-FM009,艾迪生,酰基转移酶(AAT)活性检测试剂盒,reagent,48样,,,,,,,,,1824,1094.4,1368,
ADS-F-FM012,艾迪生,乙醇脱氢酶(ADH)试剂盒,reagent,48样,,,,,,,,,395,237,296.25,
ADS-W-FM012,艾迪生,乙醇脱氢酶(ADH)试剂盒,reagent,96样,,,,,,,,,760,456,570,
ADS-F-FM024-09,艾迪生,脂肪酸合成酶(FAS)试剂盒,reagent,9样,,,,,,,,,1167,700.2,875.25,
ADS-F-FM024-25,艾迪生,脂肪酸合成酶(FAS)试剂盒,reagent,24样,,,,,,,,,2432,1459.2,1824,
ADS-F-FM024-48,艾迪生,脂肪酸合成酶(FAS)试剂盒,reagent,48样,,,,,,,,,5000,3000,3750,
ADS-W-FM024-48,艾迪生,脂肪酸合成酶(FAS)试剂盒,reagent,48样,,,,,,,,,3344,2006.4,2508,
ADS-F-ZF015,艾迪生,游离胆固醇(FC)试剂盒,reagent,48样,,,,,,,,,274,164.4,205.5,
ADS-W-ZF015,艾迪生,游离胆固醇(FC)试剂盒,reagent,96样,,,,,,,,,532,319.2,399,
ADS-F-ZF001-48,艾迪生,游离脂肪酸(FFA)含量检测试剂盒,reagent,48样,,,,,,,,,1034,620.4,775.5,
ADS-W-ZF001-96,艾迪生,游离脂肪酸(FFA)含量检测试剂盒,reagent,96样,,,,,,,,,1763,1057.8,1322.25,
ADS-F-ZF007-48,艾迪生,脂氧合酶(LOX)活性检测试剂盒,reagent,48样,,,,,,,,,851,510.6,638.25,
ADS-W-ZF007-96,艾迪生,脂氧合酶(LOX)活性检测试剂盒,reagent,96样,,,,,,,,,1596,957.6,1197,
ADS-F-FM010,艾迪生,脂蛋白脂酶(LPL)﹠肝脂酶(HL)活性检测试剂盒,reagent,48样,,,,,,,,,833,499.8,624.75,
ADS-W-FM010,艾迪生,脂蛋白脂酶(LPL)﹠肝脂酶(HL)活性检测试剂盒,reagent,96样,,,,,,,,,1500,900,1125,
ADS-F-ZF005,艾迪生,脂肪酶(LPS)活性检测试剂盒,reagent,48样,,,,,,,,,456,273.6,342,
ADS-W-ZF005,艾迪生,脂肪酶(LPS)活性检测试剂盒,reagent,96样,,,,,,,,,882,529.2,661.5,
ADS-F-FM011-48,艾迪生,丙酮酸脱羧酶(PDC)试剂盒,reagent,48样,,,,,,,,,1064,638.4,798,
ADS-W-FM011,艾迪生,丙酮酸脱羧酶(PDC)试剂盒,reagent,96样,,,,,,,,,1915,1149,1436.25,
ADS-F-ZF014,艾迪生,总胆固醇(TC)含量检测试剂盒,reagent,48样,,,,,,,,,304,182.4,228,
ADS-W-ZF014,艾迪生,总胆固醇(TC)含量检测试剂盒,reagent,96样,,,,,,,,,593,355.8,444.75,
ADS-F-KY016-48,艾迪生,总花青素(总花色苷)含量检测试剂盒,reagent,48样,,,,,,,,,547,328.2,410.25,
ADS-W-KY016-96,艾迪生,总花青素(总花色苷)含量检测试剂盒,reagent,96样,,,,,,,,,1064,638.4,798,
ADS-W-FM016,艾迪生,活性氧 （ROS）检测试剂盒,reagent,100T/50s,,,,,,,,,1200,720,900,
11110,甄选/Labselect,11110 6孔细胞培养板,consumable,1块/包,包,,,,,,,,9,3.6,4.5,
11210,甄选/Labselect,11210 12孔细胞培养板,consumable,1块/包,包,,,,,,,,9,3.6,4.5,
11310,甄选/Labselect,11310 24孔细胞培养板,consumable,1块/包,包,,,,,,,,9,3.6,4.5,
11410,甄选/Labselect,11410 48孔细胞培养板,consumable,1块/包,包,,,,,,,,9,3.6,4.5,
11510,甄选/Labselect,11510 96孔细胞培养板,consumable,1块/包,包,,,,,,,,9,3.6,4.5,
11511,甄选/Labselect,11511 96孔U底细胞培养板,consumable,1块/包,包,,,,,,,,10.5,4.4,5.5,
11710,甄选/Labselect,"11710 96孔细胞培养板,低蒸发槽",consumable,1块/包,包,,,,,,,,10,5.5,6.5,
11112,甄选/Labselect,"11112 6孔细胞培养板,纸塑包装",consumable,"1块/包,50块/箱",箱,,,,,,,,350,175,210,
11212,甄选/Labselect,"11212 12孔细胞培养板,纸塑包装",consumable,"1块/包,50块/箱",箱,,,,,,,,350,175,210,
11312,甄选/Labselect,"11312 24孔细胞培养板,纸塑包装",consumable,"1块/包,50块/箱",箱,,,,,,,,350,175,210,
11412,甄选/Labselect,"11412 48孔细胞培养板,纸塑包装",consumable,"1块/包,50块/箱",箱,,,,,,,,350,175,210,
11512,甄选/Labselect,"11512 96孔细胞培养板,纸塑包装",consumable,"1块/包,50块/箱",箱,,,,,,,,350,175,210,
11513,甄选/Labselect,"11513 96孔U底细胞培养板,纸塑包装",consumable,1块/包,包,,,,,,,,8,4,4.8,
11120,甄选/Labselect,11120 6孔细胞培养板(未TC处理),consumable,1块/包,包,,,,,,,,8.5,4.25,5.1,
11220,甄选/Labselect,11220 12孔细胞培养板(未TC处理),consumable,1块/包,包,,,,,,,,8.5,4.25,5.1,
11320,甄选/Labselect,11320 24孔细胞培养板(未TC处理),consumable,1块/包,包,,,,,,,,8.5,4.25,5.1,
11420,甄选/Labselect,11420 48孔细胞培养板(未TC处理),consumable,1块/包,包,,,,,,,,8.5,4.25,5.1,
11520,甄选/Labselect,11520 96孔细胞培养板(未TC处理),consumable,1块/包,包,,,,,,,,8.5,4.25,5.1,
11521,甄选/Labselect,11521 96孔U底细胞培养板(未TC处理),consumable,1块/包,包,,,,,,,,10,5,6,
11514,甄选/Labselect,"11514 96孔细胞培养板,黑色框,透明平底",consumable,1块/包,包,,,,,,,,45,22.5,27,
11515,甄选/Labselect,"11515 96孔细胞培养板,白色框,透明平底",consumable,1块/包,包,,,,,,,,45,22.5,27,
11516,甄选/Labselect,"11516 96孔细胞培养板,黑底黑板",consumable,1块/包,包,,,,,,,,14.5,7.25,8.7,
11516-BL,甄选/Labselect,"11516-BL 96孔细胞培养板,黑底黑板,黑色盖",consumable,1块/包,包,,,,,,,,15,7.5,9,
11517,甄选/Labselect,"11517 96孔细胞培养板,白底白板",consumable,1块/包,包,,,,,,,,14.5,7.25,8.7,
11517-WL,甄选/Labselect,"11517-WL 96孔细胞培养板,白底白板,白色盖",consumable,1块/包,包,,,,,,,,30,15,18,
11810,甄选/Labselect,11810 96孔可拆细胞培养板,consumable,1块/包,包,,,,,,,,10.5,5.25,6.3,
11538,甄选/Labselect,11538 96孔V底细胞培养板,consumable,1块/包,包,,,,,,,,10.5,5.25,6.3,
11568,甄选/Labselect,11568 96孔V底细胞培养板(未TC处理),consumable,1块/包,包,,,,,,,,10,5,6,
11544,甄选/Labselect,"11544 96孔细胞培养板,黑色框,透明平底(未TC处理)",consumable,1块/包,包,,,,,,,,45,22.5,27,
11545,甄选/Labselect,"11545 96孔细胞培养板,白色框,透明平底(未TC处理)",consumable,1块/包,包,,,,,,,,45,22.5,27,
11546,甄选/Labselect,"11546 96孔细胞培养板,黑底黑板(未TC处理）",consumable,1块/包,包,,,,,,,,14,7,8.4,
11547,甄选/Labselect,"11547 96孔细胞培养板,白底白板(未TC处理)",consumable,1块/包,包,,,,,,,,14,7,8.4,
11118,甄选/Labselect,11118 6孔超低吸附细胞培养板,consumable,1块/包,包,,,,,,,,125,62.5,75,
11218,甄选/Labselect,11218 12孔超低吸附细胞培养板,consumable,1块/包,包,,,,,,,,125,62.5,75,
11318,甄选/Labselect,11318 24孔超低吸附细胞培养板,consumable,1块/包,包,,,,,,,,125,62.5,75,
11418,甄选/Labselect,11418 48孔超低吸附细胞培养板,consumable,1块/包,包,,,,,,,,125,62.5,75,
11548,甄选/Labselect,11548 96孔U底超低吸附细胞培养板,consumable,1块/包,包,,,,,,,,137.5,68.75,82.5,
11518,甄选/Labselect,11518 96孔平底超低吸附细胞培养板,consumable,1块/包,包,,,,,,,,137.5,68.75,82.5,
11534,甄选/Labselect,"11534 96孔超低吸附细胞培养板,黑框,透明平底",consumable,1块/包,包,,,,,,,,170,85,102,
11634,甄选/Labselect,"11634 384孔超低吸附细胞培养板,黑框,透明平底",consumable,1块/包,包,,,,,,,,170,85,102,
11610,甄选/Labselect,11610 384孔细胞培养板,consumable,1块/包,包,,,,,,,,22.5,11.25,13.5,
11660,甄选/Labselect,11660 384孔细胞培养板(未TC处理),consumable,1块/包,包,,,,,,,,16,8,9.6,
11614,甄选/Labselect,"11614 384孔细胞培养板,黑框,透明平底",consumable,1块/包,包,,,,,,,,77.5,38.75,46.5,
11615,甄选/Labselect,"11615 384孔细胞培养板,白框,透明平底",consumable,1块/包,包,,,,,,,,77.5,38.75,46.5,
11616,甄选/Labselect,"11616 384孔细胞培养板,黑底黑板",consumable,1块/包,包,,,,,,,,27.5,13.75,16.5,
11617,甄选/Labselect,"11617 384孔细胞培养板,白底白板",consumable,1块/包,包,,,,,,,,27.5,13.75,16.5,
11666,甄选/Labselect,"11666 384孔细胞培养板,黑底黑板(未TC处理)",consumable,1块/包,包,,,,,,,,25,12.5,15,
11667,甄选/Labselect,"11667 384孔细胞培养板,白底白板(未TC处理)",consumable,1块/包,包,,,,,,,,25,12.5,15,
12599,甄选/Labselect,"12599 96孔紫外分析板,UV透明平底",consumable,1块/包,包,,,,,,,,125,62.5,75,
12699,甄选/Labselect,"12699 384孔紫外分析板,UV透明平底",consumable,1块/包,包,,,,,,,,275,137.5,165,
11130,甄选/Labselect,"11130 6孔细胞培养板,多聚-D-赖氨酸包被表面",consumable,1块/包,包,,,,,,,,37.5,18.75,22.5,
11230,甄选/Labselect,"11230 12孔细胞培养板,多聚-D-赖氨酸包被表面",consumable,1块/包,包,,,,,,,,37.5,18.75,22.5,
11330,甄选/Labselect,"11330 24孔细胞培养板,多聚-D-赖氨酸包被表面",consumable,1块/包,包,,,,,,,,37.5,18.75,22.5,
11430,甄选/Labselect,"11430 48孔细胞培养板,多聚-D-赖氨酸包被表面",consumable,1块/包,包,,,,,,,,37.5,18.75,22.5,
11530,甄选/Labselect,"11530 96孔细胞培养板,多聚-D-赖氨酸包被表面",consumable,1块/包,包,,,,,,,,37.5,18.75,22.5,
11110-50,甄选/Labselect,11110 6孔细胞培养板,consumable,"1块/包,50块/箱",箱,,,,,,,,450,165,247.5,
11210-50,甄选/Labselect,11210 12孔细胞培养板,consumable,"1块/包,50块/箱",箱,,,,,,,,450,165,247.5,
11310-50,甄选/Labselect,11310 24孔细胞培养板,consumable,"1块/包,50块/箱",箱,,,,,,,,450,165,247.5,
11410-50,甄选/Labselect,11410 48孔细胞培养板,consumable,"1块/包,50块/箱",箱,,,,,,,,450,165,247.5,
11510-50,甄选/Labselect,11510 96孔细胞培养板,consumable,"1块/包,50块/箱",箱,,,,,,,,450,165,247.5,
13112A,甄选/Labselect,13112A 25c㎡透气细胞培养瓶,consumable,10个/包,包,,,,,,,,49,25.5,32,
13212A,甄选/Labselect,13212A 75c㎡透气细胞培养瓶,consumable,5个/包,包,,,,,,,,52,27.5,39,
13112A,甄选/Labselect,13112A 25c㎡透气细胞培养瓶,consumable,"10个/包,20包/箱",箱,,,,,,,,980,375,490,
13212A,甄选/Labselect,13212A 75c㎡透气细胞培养瓶,consumable,"5个/包,20包/箱",箱,,,,,,,,1050,420,550,
12310,甄选/Labselect,12310 100mm细胞培养皿,consumable,10个/包,包,,,,,,,,20,10.5,12,
12111,甄选/Labselect,12111 35mm细胞培养皿(易握型),consumable,10个/包,包,,,,,,,,13,7,8.5,
12211,甄选/Labselect,12211 60mm细胞培养皿(易握型),consumable,10个/包,包,,,,,,,,17,9.5,11,
12311,甄选/Labselect,12311 100mm细胞培养皿(易握型),consumable,10个/包,包,,,,,,,,22.5,11.5,13.5,
12411,甄选/Labselect,12411 150mm细胞培养皿(易握型),consumable,5个/包,包,,,,,,,,39,21,25,
TCP010096,,JET 96孔细胞培养板(纸塑包装),reagent,50块/小箱，200块/大箱,块,,,,,,,,13,4.68,5.2,
DIL111001,,JET 接种环 白色（已消毒）1ul,reagent,1支/包 250支/盒,支,,,,,,,,0.68,0.24,0.27,
DIL111010,,JET 接种环（已消毒，蓝色）10ul,reagent,1支/包，250支/小箱，12小箱/大箱,包,,,,,,,,0.68,0.24,0.27,
ZSQ002,,北仑河 2ml syringe,reagent,2ml 100支/盒，2000支/箱,支,,,,,,,,0.95,0.34,0.38,
JYQ005,,5ml进样器,reagent,5ml，100支/盒,支,,,,,,,,1.25,0.45,0.5,
ZSQ001,,北仑河 1ml syringe,reagent,1ml 100支/盒 ，3000支/箱,支,,,,,,,,0.95,0.34,0.38,
FPE204030,,JET 过滤器 0.22um 直径30mm（水系PES）45个/盒  360个/箱,reagent,0.22um,个,,,,,,,,8.75,3.15,3.5,
TCP010024,,JET 24孔细胞培养板（纸塑装）,reagent,1块/袋，50块/小箱 200块/箱,块,,,,,,,,13.75,4.95,5.5,
CFT011150,,"JET 15ml离心管  RCF12000xg,袋装,无菌无酶",reagent,25个/袋 20包/箱,袋,,,,,,,,37.5,13.5,15,
TCP010012,,JET 12孔细胞培养板(纸塑包装),reagent,50块/箱,块,,,,,,,,13.75,4.95,5.5,
C11875500BT,,Gibco RPMI 1640培养基,reagent,500ml 10瓶/箱,瓶,,,,,,,,162.5,58.5,65,
C11995500BT,,Gibco DMEM高糖培养基,reagent,500ML 10瓶/箱,瓶,,,,,,,,162.5,58.5,65,
TCP010006,,JET 6孔细胞培养板(纸塑包装) 50块/小箱，4小箱/箱,reagent,6well,块,,,,,,,,11.25,4.05,4.5,
3599,,Corning 96孔细胞培养板,reagent,1块/包，100块/箱,块,,,,,,,,23,8.28,9.2,
TF140-200-Q,,"QSP Filter 滤芯吸头，无菌盒装20-200ul 10盒/包装,5包装/箱",reagent,96支/盒,盒,,,,,,,,90,32.4,36,
GSP010005,,JET 一次性移液管（单支独立质塑包装）蓝色,reagent,5ml，200支/箱,支,,,,,,,,2.25,0.81,0.9,
SLGPR33RB,,Millipore 过滤器 0.22um 直径33mm（绿色/水系/PES）,reagent,0.22um,个,,,,,,,,20.5,7.38,8.2,
CSC012025,,"JET 细胞刮刀 25cm长,刀刃宽度2cm刀片与手柄垂直安置",reagent,25cm长 1支/包 100支/箱,个,,,,,,,,12,4.32,4.8,
ZSQ005,,北仑河 5ml syringe,reagent,5ml 100支/盒，1600支/箱,支,,,,,,,,0.95,0.34,0.38,
167008,,Thermo NUNC 细胞培养板，96孔，平底，容量400ul/孔,reagent,50块/箱,块,,,,,,,,21.25,7.65,8.5,
TCF012050,,JET 25cm2 透气细胞培养瓶 5条/小箱 4小箱/大箱,reagent,10个/条,条,,,,,,,,80,28.8,32,
CSC211023,,"JET 细胞刮刀（韧性型，可旋转） 刀刃宽度1.25cm,荧光绿色，已消毒",reagent,23cm（150支/箱）,个,,,,,,,,5.75,2.07,2.3,
SHOUTAO-06,,光明 一次性CPE塑料手套 50包/箱,reagent,50只/包,包,,,,,,,,12.5,4.5,5,
3516,,Corning 6孔细胞培养板,reagent,1块/包，50块/箱,块,,,,,,,,23,8.28,9.2,
XLP-08,,小礼品 订制实验笔记本 A4 黑色封皮 防水,reagent,A4 黑色封皮 防水,本,,,,,,,,0,0,0,
339652,,Thermo NUNC 50ml离心管，袋装，最大转速15500RCF，无菌无酶,reagent,25支/包，20包/箱,包,,,,,,,,100,36,40,
TCD010035,,JET 35mm细胞培养皿,reagent,3.5cm，10个/条，96条/箱,条,,,,,,,,21.25,7.65,8.5,
KOUZHAO-04,,北仑河 医用外科口罩,reagent,10只/小包，10小包/袋，30中包,包,,,,,,,,7.5,2.7,3,
CFT011500,,JET 50ml离心管，袋装，已消毒 尖底（平盖）,reagent,25支/袋，20袋/箱,袋,,,,,,,,57.5,20.7,23,
TCD010070,,JET 7cm细胞培养皿 表面积36.3cm2,reagent,7cm，10个/条，60条/箱,条,,,,,,,,28.75,10.35,11.5,
7005007-4,,10ml棕色螺口玻璃样品瓶,reagent,100个/盒,个,,,,,,,,1.5,0.54,0.6,
1601030034,,雪环 75%消毒乙醇/消毒酒精（简装） 40瓶/箱,reagent,500ml， 40瓶/箱,瓶,,,,,,,,13.75,4.95,5.5,
TCD010060,,JET 60mm细胞培养皿 10只/包，60包/箱,reagent,60mm,包,,,,,,,,27.5,9.9,11,
YF001,,快递运费,reagent,次,次,,,,,,,,0,0,0,
ZSQ020,,北仑河 20ml syringe,reagent,20ml/支，50支/盒，800支/箱,支,,,,,,,,2,0.72,0.8,
KOUZHAO-08,,稳健 医用外科口罩（独立包装）,reagent,1只/袋 50个/盒,个,,,,,,,,1.75,0.63,0.7,
3524,,Corning 24孔细胞培养板,reagent,1块/包，100块/箱,块,,,,,,,,23.75,8.55,9.5,
339651,,Thermo NUNC 15ml离心管，架装，最大转速10500RCF，无菌无酶,reagent,25个/包，20包/箱,包,,,,,,,,95,34.2,38,
156367,,Thermo NUNC T25细胞培养瓶，培养面积25cm2，过滤盖,reagent,10个/包，20包/箱,包,,,,,,,,117.5,42.3,47,
TCP011096,,JET 96孔细胞培养板 吸塑盒装,reagent,96孔，100包/箱,块,,,,,,,,16.25,5.85,6.5,
TF104-10-Q,,Thermo QSP 带滤芯吸头，无菌盒装0.1-10ul,reagent,96支/盒，10盒/包装，5包装/箱,盒,,,,,,,,72.5,26.1,29,
YYKZ001,,北仑河医用外科口罩,reagent,10只/包，10小包/中包，30中包/件,包,,,,,,,,7.5,2.7,3,
150460,,Thermo NUNC 35mm细胞培养皿，35 x 10mm，培养面积8.8cm2,reagent,10个/包，50包/箱,包,,,,,,,,30,10.8,12,
TCF012250,,JET 75cm2 透气细胞培养瓶 5条/小箱 4小箱/大箱,reagent,5个/包,条,,,,,,,,87.5,31.5,35,
ZSQ010,,北仑河 10ml syringe,reagent,10ml 100支/盒，1200支/箱,支,,,,,,,,1.5,0.54,0.6,
CSS013070,,JET 一次性细胞筛 （过滤筛）70μm 白色，220目，单个纸塑盒装，灭菌,reagent,1个/包，50个/盒，200个/箱,个,,,,,,,,22,7.92,8.8,
TCD010100,,JET 10cm细胞培养皿 表面积60.8cm2,reagent,10cm，10个/条，30条/箱,条,,,,,,,,40,14.4,16,
TF112-1000-Q,,"QSP Filter 滤芯吸头，无菌盒装100-1000ul 10盒/包装,5包装/箱",reagent,96支/盒,盒,,,,,,,,80,28.8,32,
SBK0003,,赛百科 HE染色,reagent,,样,,,,,,,,25,9,10,
0000037,,赛百科 全玻片扫描,reagent,,张,,,,,,,,100,36,40,
156499,,Thermo NUNC T75细胞培养瓶，培养面积75cm2，过滤盖,reagent,5个/包，20包/箱,包,,,,,,,,105,37.8,42,
JYQ010,,10ml进样器,reagent,10ml，100支/盒,支,,,,,,,,1.75,0.63,0.7,
BLHKZ002,,北仑河医用口罩 独立包装,reagent,1只/包，30小包/盒，70盒/件,盒,,,,,,,,25,9,10,
B0015-500ml,,BMC 1×PBS 磷酸盐缓冲液，无菌无钙镁，细胞培养级 PH7.2-7.4（活动期买3送1）,reagent,500ml,瓶,,,,,,,,87.5,31.5,35,
CSP011014,,"JET 涂布棒  L型，PP,已消毒 14cm",reagent,1个/包 100包/箱,个,,,,,,,,2.5,0.9,1,
3513,,corning 12孔细胞培养板,reagent,1块，50块/箱,块,,,,,,,,23.75,8.55,9.5,
377267,,Thermo Nunc 冻存管（内旋盖）1.8ml,reagent,50个/包，9包/盒，36包/箱,包,,,,,,,,220,79.2,88,
MCD000060,,JET 60mm细菌培养皿 注意是细菌,reagent,10个/条 60条/箱,条,,,,,,,,18.75,6.75,7.5,
150466,,Thermo NUNC 100mm细胞培养皿，100 x 20mm，带盖，透气,reagent,10个/包，24包/箱,包,,,,,,,,62.5,22.5,25,
FPE204013,,JET 过滤器 0.22um 直径13mm（水系PES）适合过滤少量液体,reagent,0.22um 直径13mm,个,,,,,,,,5,1.8,2,
6001002-7,,漓峰医药 丽辉75%乙醇消毒液（医用酒精）,reagent,500ml，30瓶/箱,瓶,,,,,,,,13.75,4.95,5.5,
TF113-100-Q,,"QSP Filter 滤芯吸头，无菌盒装10-100ul 10盒/包装,5包装/箱",reagent,96支/盒,盒,,,,,,,,100,36,40,
150687,,Thermo NUNC 细胞培养板，48孔，平底，容量0.5ml/孔,reagent,75块/箱,块,,,,,,,,23.75,8.55,9.5,
142475,,Thermo NUNC 细胞培养板，24孔，平底，容量1.0ml/孔,reagent,75块/箱,块,,,,,,,,22.5,8.1,9,
TF102-10-Q,,QSP Filter 滤芯吸头，无菌盒装0.1-10ul  50盒/箱,reagent,96支/盒,盒,,,,,,,,105,37.8,42,
LHN500,,生理盐水（氯化钠溶液0.9%500ml，有胶垫密封，可以用来溶药、冲洗）,reagent,500ml/瓶 30瓶/箱,瓶,,,,,,,,15.5,5.58,6.2,
375418,,Thermo Nunc 冻存管（外旋盖）1.8ml,reagent,50个/包，9包/盒，36包/箱,包,,,,,,,,200,72,80,
HZX079-1,,麦斯诺 灭菌巴氏吸管 3ml  182mm 200支/包 25包/箱,reagent,200支/包,包,,,,,,,,87.5,31.5,35,
150628,,Thermo NUNC 细胞培养板，12孔，平底，容量2.0ml/孔,reagent,75块/箱,块,,,,,,,,22.5,8.1,9,
3548,,Corning 48孔细胞培养板,reagent,1块/包，100包/箱,块,,,,,,,,26.25,9.45,10.5,
TF113-20-Q,,QSP Filter 滤芯吸头，无菌盒装2-20ul,reagent,96支/盒,盒,,,,,,,,100,36,40,
KOUZHAO-07,,稳健 医用外科口罩 10个/包,reagent,10个/包,包,,,,,,,,7.5,2.7,3,
JYQ011,,50ml进样器,reagent,50ml，30支/盒,支,,,,,,,,5,1.8,2,
T1000ERINSERT-Q,,Thermo QSP 1000ul 蓝枪头盒，（适合QSP/JET，其他牌子不合适）,reagent,50盒/箱,个,,,,,,,,18.75,6.75,7.5,
SP1259,,5ml透明螺口玻璃样品瓶,reagent,5ml 100个/盒,个,,,,,,,,1.25,0.45,0.5,
HZX079-2,,麦斯诺 灭菌巴氏吸管 5ml 218mm 100支/包 30包/箱,reagent,100支/包,包,,,,,,,,62.5,22.5,25,
TCP010048,,JET 48孔细胞培养板(纸塑包装),reagent,48well 50块/箱,块,,,,,,,,15,5.4,6,
179693,,Thermo Nunc 细胞刮刀，已灭菌，总长度23cm,reagent,250支/箱,支,,,,,,,,25,9,10,
430828,,Corning 50ml离心管，带架子尖底,reagent,25个/包 20包/箱,包,,,,,,,,112.5,40.5,45,
188105,,世泰  粘附载玻片 50片/盒,reagent,25*75mm,盒,,,,,,,,112.5,40.5,45,
1601030035,,雪环 95%消毒乙醇/消毒酒精（简装） 40瓶/箱,reagent,500ml,瓶,,,,,,,,15,5.4,6,
BS-90-CD,,Biosharp 90mm塑料培养皿（经济款）,reagent,10只/包，50包/箱,包,,,,,,,,11,3.96,4.4,
LJD-4KG,,加厚黑色垃圾袋 55*36cm 4kg,reagent,约25个/扎,扎,,,,,,,,13.75,4.95,5.5,
SG0051,,三爱思卷边玻璃试管18*130mm,reagent,18*130mm,支,,,,,,,,16.75,6.03,6.7,
ZY00024,,proteintech 2023年春季活动礼品-雨伞,reagent,,本,,,,,,,,#VALUE!,#VALUE!,,
339650,,Thermo NUNC 15ml离心管，袋装，最大转速10500RCF，无菌无酶,reagent,50个/包，10包/箱,包,,,,,,,,170,61.2,68,
8004007-2,,硅胶螺纹翻口塞 24#,reagent,24#,个,,,,,,,,9.5,3.42,3.8,
7002001-5,,蘑菇 平口试管18*180,reagent,18*180,支,,,,,,,,1.25,0.45,0.5,
430639,,Corning 25cm透气细胞培养瓶,reagent,20个/包，10包/箱,包,,,,,,,,250,90,100,
ZYST028,,光明 一次性CPE手套（加厚）,reagent,50只/包 50包/箱,包,,,,,,,,11.25,4.05,4.5,
FCT512420,,JET一次性细胞冻存管，可立底 黄色 平盖 袋装 灭菌 无DNARNA酶 无热原,reagent,2.0ml，20支/包,包,,,,,,,,30,10.8,12,
3422,,corning transwell小室（8um）PC膜 4块/箱,reagent,12个嵌套，24孔板,块,,,,,,,,725,261,290,
